<metadata xml:lang="en"><Esri><CreaDate>20230328</CreaDate><CreaTime>11351800</CreaTime><ArcGISFormat>1.0</ArcGISFormat><SyncOnce>FALSE</SyncOnce><DataProperties><lineage><Process ToolSource="c:\program files\arcgis\pro\Resources\ArcToolbox\toolboxes\Data Management Tools.tbx\CreateFeatureclass" Date="20230328" Time="113518">CreateFeatureclass C:\DATA_DELL\Projects\MyField2Map\MyField2Map.gdb TreeSampleChippewa_XYTableToPoint Point TreeSampleChippewa$ No No "GEOGCS["GCS_WGS_1984",DATUM["D_WGS_1984",SPHEROID["WGS_1984",6378137.0,298.257223563]],PRIMEM["Greenwich",0.0],UNIT["Degree",0.0174532925199433]];-400 -400 1000000000;-100000 10000;-100000 10000;8.98315284119521E-09;0.001;0.001;IsHighPrecision" # 0 0 0 #</Process><Process ToolSource="c:\program files\arcgis\pro\Resources\ArcToolbox\toolboxes\Data Management Tools.tbx\XYTableToPoint" Date="20230328" Time="113518">XYTableToPoint TreeSampleChippewa$ C:\DATA_DELL\Projects\MyField2Map\MyField2Map.gdb\TreeSampleChippewa_XYTableToPoint LongitudeI LatitudeI # "GEOGCS["GCS_WGS_1984",DATUM["D_WGS_1984",SPHEROID["WGS_1984",6378137.0,298.257223563]],PRIMEM["Greenwich",0.0],UNIT["Degree",0.0174532925199433]];-400 -400 1000000000;-100000 10000;-100000 10000;8.98315284119521E-09;0.001;0.001;IsHighPrecision"</Process><Process ToolSource="c:\program files\arcgis\pro\Resources\ArcToolbox\toolboxes\Conversion Tools.tbx\ExportFeatures" Date="20230329" Time="133713">ExportFeatures TreeSampleChippewa_XYTableToPoint "C:\DATA_DELL\Instruction\Field to Map files\TreeSampleChippewa _XYTableToPoint.shp" # NOT_USE_ALIAS "OID_ "OID_" true true false 8 Double 0 0,First,#,TreeSampleChippewa_XYTableToPoint,TreeSampleChippewa_XYTableToPoint.OID_,-1,-1;OBJECTID "OBJECTID" true true false 8 Double 0 0,First,#,TreeSampleChippewa_XYTableToPoint,TreeSampleChippewa_XYTableToPoint.OBJECTID,-1,-1;UTMX "UTMX" true true false 8 Double 0 0,First,#,TreeSampleChippewa_XYTableToPoint,TreeSampleChippewa_XYTableToPoint.UTMX,-1,-1;UTMY "UTMY" true true false 8 Double 0 0,First,#,TreeSampleChippewa_XYTableToPoint,TreeSampleChippewa_XYTableToPoint.UTMY,-1,-1;LongitudeI "LongitudeI" true true false 8 Double 0 0,First,#,TreeSampleChippewa_XYTableToPoint,TreeSampleChippewa_XYTableToPoint.LongitudeI,-1,-1;LatitudeI "LatitudeI" true true false 8 Double 0 0,First,#,TreeSampleChippewa_XYTableToPoint,TreeSampleChippewa_XYTableToPoint.LatitudeI,-1,-1;OBJECTID "OBJECTID" true true false 8 Double 0 0,First,#,TreeSampleChippewa_XYTableToPoint,Sheet1$.OBJECTID,-1,-1;LocationTy "LocationTy" true true false 255 Text 0 0,First,#,TreeSampleChippewa_XYTableToPoint,Sheet1$.LocationTy,0,255;AssetOwner "AssetOwner" true true false 255 Text 0 0,First,#,TreeSampleChippewa_XYTableToPoint,Sheet1$.AssetOwner,0,255;TreeType "TreeType" true true false 255 Text 0 0,First,#,TreeSampleChippewa_XYTableToPoint,Sheet1$.TreeType,0,255;TreeGroup "TreeGroup" true true false 255 Text 0 0,First,#,TreeSampleChippewa_XYTableToPoint,Sheet1$.TreeGroup,0,255;TreeSpecie "TreeSpecie" true true false 255 Text 0 0,First,#,TreeSampleChippewa_XYTableToPoint,Sheet1$.TreeSpecie,0,255;SpeciesSci "SpeciesSci" true true false 255 Text 0 0,First,#,TreeSampleChippewa_XYTableToPoint,Sheet1$.SpeciesSci,0,255;DBHTrunk "DBHTrunk" true true false 8 Double 0 0,First,#,TreeSampleChippewa_XYTableToPoint,Sheet1$.DBHTrunk,-1,-1;DBHTrunk_U "DBHTrunk_U" true true false 255 Text 0 0,First,#,TreeSampleChippewa_XYTableToPoint,Sheet1$.DBHTrunk_U,0,255;cgLastModi "cgLastModi" true true false 8 Date 0 0,First,#,TreeSampleChippewa_XYTableToPoint,Sheet1$.cgLastModi,-1,-1;ObjectID_1 "ObjectID_1" false true false 4 Long 0 9,First,#,TreeSampleChippewa_XYTableToPoint,Sheet1$.ObjectID_1,-1,-1" #</Process></lineage><itemProps><itemName Sync="TRUE">TreeSampleChippewa _XYTableToPoint</itemName><imsContentType Sync="TRUE">002</imsContentType><itemSize Sync="TRUE">0.000</itemSize><itemLocation><linkage Sync="TRUE">file://\\LIBR-W159F4B3\C$\DATA_DELL\Instruction\Field to Map files\TreeSampleChippewa _XYTableToPoint.shp</linkage><protocol Sync="TRUE">Local Area Network</protocol></itemLocation></itemProps><coordRef><type Sync="TRUE">Geographic</type><geogcsn Sync="TRUE">GCS_WGS_1984</geogcsn><csUnits Sync="TRUE">Angular Unit: Degree (0.017453)</csUnits><peXml Sync="TRUE">&lt;GeographicCoordinateSystem xsi:type='typens:GeographicCoordinateSystem' xmlns:xsi='http://www.w3.org/2001/XMLSchema-instance' xmlns:xs='http://www.w3.org/2001/XMLSchema' xmlns:typens='http://www.esri.com/schemas/ArcGIS/3.0.0'&gt;&lt;WKT&gt;GEOGCS[&amp;quot;GCS_WGS_1984&amp;quot;,DATUM[&amp;quot;D_WGS_1984&amp;quot;,SPHEROID[&amp;quot;WGS_1984&amp;quot;,6378137.0,298.257223563]],PRIMEM[&amp;quot;Greenwich&amp;quot;,0.0],UNIT[&amp;quot;Degree&amp;quot;,0.0174532925199433],AUTHORITY[&amp;quot;EPSG&amp;quot;,4326]]&lt;/WKT&gt;&lt;XOrigin&gt;-400&lt;/XOrigin&gt;&lt;YOrigin&gt;-400&lt;/YOrigin&gt;&lt;XYScale&gt;11258999068426.238&lt;/XYScale&gt;&lt;ZOrigin&gt;-100000&lt;/ZOrigin&gt;&lt;ZScale&gt;10000&lt;/ZScale&gt;&lt;MOrigin&gt;-100000&lt;/MOrigin&gt;&lt;MScale&gt;10000&lt;/MScale&gt;&lt;XYTolerance&gt;8.983152841195215e-09&lt;/XYTolerance&gt;&lt;ZTolerance&gt;0.001&lt;/ZTolerance&gt;&lt;MTolerance&gt;0.001&lt;/MTolerance&gt;&lt;HighPrecision&gt;true&lt;/HighPrecision&gt;&lt;LeftLongitude&gt;-180&lt;/LeftLongitude&gt;&lt;WKID&gt;4326&lt;/WKID&gt;&lt;LatestWKID&gt;4326&lt;/LatestWKID&gt;&lt;/GeographicCoordinateSystem&gt;</peXml></coordRef></DataProperties><SyncDate>20230329</SyncDate><SyncTime>13371300</SyncTime><ModDate>20230329</ModDate><ModTime>13371300</ModTime></Esri><dataIdInfo><envirDesc Sync="TRUE">Microsoft Windows 10 Version 10.0 (Build 19044) ; Esri ArcGIS 13.0.0.36056</envirDesc><dataLang><languageCode value="eng" Sync="TRUE"></languageCode><countryCode value="CAN" Sync="TRUE"></countryCode></dataLang><idCitation><resTitle Sync="TRUE">TreeSampleChippewa _XYTableToPoint</resTitle><presForm><PresFormCd value="005" Sync="TRUE"></PresFormCd></presForm></idCitation><spatRpType><SpatRepTypCd value="001" Sync="TRUE"></SpatRepTypCd></spatRpType></dataIdInfo><mdLang><languageCode value="eng" Sync="TRUE"></languageCode><countryCode value="CAN" Sync="TRUE"></countryCode></mdLang><distInfo><distFormat><formatName Sync="TRUE">Shapefile</formatName></distFormat><distTranOps><transSize Sync="TRUE">0.000</transSize></distTranOps></distInfo><mdHrLv><ScopeCd value="005" Sync="TRUE"></ScopeCd></mdHrLv><mdHrLvName Sync="TRUE">dataset</mdHrLvName><refSysInfo><RefSystem><refSysID><identCode code="4326" Sync="TRUE"></identCode><idCodeSpace Sync="TRUE">EPSG</idCodeSpace><idVersion Sync="TRUE">6.2(3.0.1)</idVersion></refSysID></RefSystem></refSysInfo><spatRepInfo><VectSpatRep><geometObjs Name="TreeSampleChippewa _XYTableToPoint"><geoObjTyp><GeoObjTypCd value="004" Sync="TRUE"></GeoObjTypCd></geoObjTyp><geoObjCnt Sync="TRUE">0</geoObjCnt></geometObjs><topLvl><TopoLevCd value="001" Sync="TRUE"></TopoLevCd></topLvl></VectSpatRep></spatRepInfo><spdoinfo><ptvctinf><esriterm Name="TreeSampleChippewa _XYTableToPoint"><efeatyp Sync="TRUE">Simple</efeatyp><efeageom code="1" Sync="TRUE"></efeageom><esritopo Sync="TRUE">FALSE</esritopo><efeacnt Sync="TRUE">0</efeacnt><spindex Sync="TRUE">FALSE</spindex><linrefer Sync="TRUE">FALSE</linrefer></esriterm></ptvctinf></spdoinfo><eainfo><detailed Name="TreeSampleChippewa _XYTableToPoint"><enttyp><enttypl Sync="TRUE">TreeSampleChippewa _XYTableToPoint</enttypl><enttypt Sync="TRUE">Feature Class</enttypt><enttypc Sync="TRUE">0</enttypc></enttyp><attr><attrlabl Sync="TRUE">FID</attrlabl><attalias Sync="TRUE">FID</attalias><attrtype Sync="TRUE">OID</attrtype><attwidth Sync="TRUE">4</attwidth><atprecis Sync="TRUE">0</atprecis><attscale Sync="TRUE">0</attscale><attrdef Sync="TRUE">Internal feature number.</attrdef><attrdefs Sync="TRUE">Esri</attrdefs><attrdomv><udom Sync="TRUE">Sequential unique whole numbers that are automatically generated.</udom></attrdomv></attr><attr><attrlabl Sync="TRUE">Shape</attrlabl><attalias Sync="TRUE">Shape</attalias><attrtype Sync="TRUE">Geometry</attrtype><attwidth Sync="TRUE">0</attwidth><atprecis Sync="TRUE">0</atprecis><attscale Sync="TRUE">0</attscale><attrdef Sync="TRUE">Feature geometry.</attrdef><attrdefs Sync="TRUE">Esri</attrdefs><attrdomv><udom Sync="TRUE">Coordinates defining the features.</udom></attrdomv></attr><attr><attrlabl Sync="TRUE">OID_</attrlabl><attalias Sync="TRUE">OID_</attalias><attrtype Sync="TRUE">Double</attrtype><attwidth Sync="TRUE">19</attwidth><atprecis Sync="TRUE">0</atprecis><attscale Sync="TRUE">0</attscale></attr><attr><attrlabl Sync="TRUE">OBJECTID</attrlabl><attalias Sync="TRUE">OBJECTID</attalias><attrtype Sync="TRUE">Double</attrtype><attwidth Sync="TRUE">19</attwidth><atprecis Sync="TRUE">0</atprecis><attscale Sync="TRUE">0</attscale></attr><attr><attrlabl Sync="TRUE">UTMX</attrlabl><attalias Sync="TRUE">UTMX</attalias><attrtype Sync="TRUE">Double</attrtype><attwidth Sync="TRUE">19</attwidth><atprecis Sync="TRUE">0</atprecis><attscale Sync="TRUE">0</attscale></attr><attr><attrlabl Sync="TRUE">UTMY</attrlabl><attalias Sync="TRUE">UTMY</attalias><attrtype Sync="TRUE">Double</attrtype><attwidth Sync="TRUE">19</attwidth><atprecis Sync="TRUE">0</atprecis><attscale Sync="TRUE">0</attscale></attr><attr><attrlabl Sync="TRUE">LongitudeI</attrlabl><attalias Sync="TRUE">LongitudeI</attalias><attrtype Sync="TRUE">Double</attrtype><attwidth Sync="TRUE">19</attwidth><atprecis Sync="TRUE">0</atprecis><attscale Sync="TRUE">0</attscale></attr><attr><attrlabl Sync="TRUE">LatitudeI</attrlabl><attalias Sync="TRUE">LatitudeI</attalias><attrtype Sync="TRUE">Double</attrtype><attwidth Sync="TRUE">19</attwidth><atprecis Sync="TRUE">0</atprecis><attscale Sync="TRUE">0</attscale></attr><attr><attrlabl Sync="TRUE">OBJECTID_1</attrlabl><attalias Sync="TRUE">OBJECTID_1</attalias><attrtype Sync="TRUE">Double</attrtype><attwidth Sync="TRUE">19</attwidth><atprecis Sync="TRUE">0</atprecis><attscale Sync="TRUE">0</attscale></attr><attr><attrlabl Sync="TRUE">LocationTy</attrlabl><attalias Sync="TRUE">LocationTy</attalias><attrtype Sync="TRUE">String</attrtype><attwidth Sync="TRUE">254</attwidth><atprecis Sync="TRUE">0</atprecis><attscale Sync="TRUE">0</attscale></attr><attr><attrlabl Sync="TRUE">AssetOwner</attrlabl><attalias Sync="TRUE">AssetOwner</attalias><attrtype Sync="TRUE">String</attrtype><attwidth Sync="TRUE">254</attwidth><atprecis Sync="TRUE">0</atprecis><attscale Sync="TRUE">0</attscale></attr><attr><attrlabl Sync="TRUE">TreeType</attrlabl><attalias Sync="TRUE">TreeType</attalias><attrtype Sync="TRUE">String</attrtype><attwidth Sync="TRUE">254</attwidth><atprecis Sync="TRUE">0</atprecis><attscale Sync="TRUE">0</attscale></attr><attr><attrlabl Sync="TRUE">TreeGroup</attrlabl><attalias Sync="TRUE">TreeGroup</attalias><attrtype Sync="TRUE">String</attrtype><attwidth Sync="TRUE">254</attwidth><atprecis Sync="TRUE">0</atprecis><attscale Sync="TRUE">0</attscale></attr><attr><attrlabl Sync="TRUE">TreeSpecie</attrlabl><attalias Sync="TRUE">TreeSpecie</attalias><attrtype Sync="TRUE">String</attrtype><attwidth Sync="TRUE">254</attwidth><atprecis Sync="TRUE">0</atprecis><attscale Sync="TRUE">0</attscale></attr><attr><attrlabl Sync="TRUE">SpeciesSci</attrlabl><attalias Sync="TRUE">SpeciesSci</attalias><attrtype Sync="TRUE">String</attrtype><attwidth Sync="TRUE">254</attwidth><atprecis Sync="TRUE">0</atprecis><attscale Sync="TRUE">0</attscale></attr><attr><attrlabl Sync="TRUE">DBHTrunk</attrlabl><attalias Sync="TRUE">DBHTrunk</attalias><attrtype Sync="TRUE">Double</attrtype><attwidth Sync="TRUE">19</attwidth><atprecis Sync="TRUE">0</atprecis><attscale Sync="TRUE">0</attscale></attr><attr><attrlabl Sync="TRUE">DBHTrunk_U</attrlabl><attalias Sync="TRUE">DBHTrunk_U</attalias><attrtype Sync="TRUE">String</attrtype><attwidth Sync="TRUE">254</attwidth><atprecis Sync="TRUE">0</atprecis><attscale Sync="TRUE">0</attscale></attr><attr><attrlabl Sync="TRUE">cgLastModi</attrlabl><attalias Sync="TRUE">cgLastModi</attalias><attrtype Sync="TRUE">Date</attrtype><attwidth Sync="TRUE">8</attwidth><atprecis Sync="TRUE">0</atprecis><attscale Sync="TRUE">0</attscale></attr><attr><attrlabl Sync="TRUE">ObjectID_2</attrlabl><attalias Sync="TRUE">ObjectID_2</attalias><attrtype Sync="TRUE">Integer</attrtype><attwidth Sync="TRUE">9</attwidth><atprecis Sync="TRUE">9</atprecis><attscale Sync="TRUE">0</attscale></attr></detailed></eainfo><mdDateSt Sync="TRUE">20230329</mdDateSt></metadata>
